hello,hello2,phase,millis
1760022663951,theboxer000,start_to_first,166
1760022664152,theboxer000,first_to_second,201
1760022666658,theboxer000,start_to_first,105
1760022666876,theboxer000,first_to_second,219
1760022670695,theboxer000,start_to_first,351
1760022670845,theboxer000,first_to_second,151
1760022675757,theboxer000,start_to_first,156
1760022675954,theboxer000,first_to_second,197
1760022680801,theboxer000,start_to_first,248
1760022681002,theboxer000,first_to_second,200
1760022685006,theboxer000,start_to_first,302
1760022685160,theboxer000,first_to_second,153
1760022689906,theboxer000,start_to_first,50
1760022690110,theboxer000,first_to_second,203
1760022694309,theboxer000,start_to_first,153
1760022694494,theboxer000,first_to_second,185
1760022697897,theboxer000,start_to_first,303
1760022698098,theboxer000,first_to_second,200
1760022702294,theboxer000,first_to_second,203
1760022705900,theboxer000,start_to_first,336
1760022706066,theboxer000,first_to_second,166
1760022710696,theboxer000,start_to_first,193
1760022710896,theboxer000,first_to_second,201
1760022714603,theboxer000,start_to_first,303
1760022714754,theboxer000,first_to_second,151
1760022719858,theboxer000,start_to_first,253
1760022720007,theboxer000,first_to_second,150
1760022725657,theboxer000,start_to_first,150
1760022725843,theboxer000,first_to_second,186
1760022731193,theboxer000,start_to_first,101
1760022731396,theboxer000,first_to_second,203
1760022735494,theboxer000,start_to_first,88
1760022741299,theboxer000,start_to_first,255
1760022741450,theboxer000,first_to_second,151
1760022745050,theboxer000,start_to_first,345
1760022745204,theboxer000,first_to_second,154
1760022750456,theboxer000,start_to_first,156
1760022750647,theboxer000,first_to_second,191
1760022756342,theboxer000,start_to_first,436
1760022756549,theboxer000,first_to_second,207
1760022761499,theboxer000,start_to_first,352
1760022761650,theboxer000,first_to_second,151
1760022782844,theboxer000,start_to_first,302
1760022783045,theboxer000,first_to_second,200
1760022787116,theboxer000,start_to_first,411
1760022787263,theboxer000,first_to_second,147
1760022793144,theboxer000,start_to_first,252
1760022793298,theboxer000,first_to_second,154
1760022796595,theboxer000,start_to_first,302
1760022796747,theboxer000,first_to_second,152
1760022802649,theboxer000,start_to_first,306
1760022802851,theboxer000,first_to_second,203
1760022807907,theboxer000,start_to_first,105
1760022812448,theboxer000,start_to_first,353
1760022812652,theboxer000,first_to_second,204
1760022818049,theboxer000,start_to_first,52
1760022818254,theboxer000,first_to_second,204
1760022821506,theboxer000,start_to_first,303
1760022821656,theboxer000,first_to_second,150
1760022824597,theboxer000,start_to_first,302
1760022824800,theboxer000,first_to_second,203
1760022828456,theboxer000,start_to_first,252
1760022828692,theboxer000,first_to_second,236
1760022833750,theboxer000,start_to_first,158
1760022839795,theboxer000,start_to_first,299
1760022839994,theboxer000,first_to_second,200
1760022844595,theboxer000,start_to_first,304
1760022844797,theboxer000,first_to_second,202
1760022850302,theboxer000,start_to_first,254
1760022850454,theboxer000,first_to_second,152
1760022856294,theboxer000,start_to_first,285
1760022856494,theboxer000,first_to_second,200
1760022859501,theboxer000,start_to_first,299
1760022859702,theboxer000,first_to_second,200
1760022869650,theboxer000,start_to_first,301
1760022869850,theboxer000,first_to_second,200
1760022877455,theboxer000,start_to_first,255
1760022877655,theboxer000,first_to_second,200
1760022901649,theboxer000,start_to_first,405
1760022901848,theboxer000,first_to_second,198
1760022907103,theboxer000,start_to_first,152
1760022910146,theboxer000,start_to_first,304
1760022910295,theboxer000,first_to_second,149
1760022915505,theboxer000,start_to_first,303
1760022915660,theboxer000,first_to_second,155
1760022926206,theboxer000,start_to_first,303
1760022926410,theboxer000,first_to_second,204
1760022931400,theboxer000,start_to_first,201
1760022936806,theboxer000,start_to_first,301
1760022937007,theboxer000,first_to_second,201
1760022941649,theboxer000,start_to_first,255
1760022941851,theboxer000,first_to_second,202
1760022947595,theboxer000,start_to_first,150
1760022947744,theboxer000,first_to_second,149
1760022952492,theboxer000,start_to_first,301
1760022952696,theboxer000,first_to_second,204
1760022958705,theboxer000,start_to_first,353
1760022958857,theboxer000,first_to_second,151
1760022964491,theboxer000,start_to_first,337
1760022964644,theboxer000,first_to_second,154
1760022970757,theboxer000,start_to_first,301
1760022970896,theboxer000,first_to_second,140
1760022974653,theboxer000,start_to_first,300
1760022974853,theboxer000,first_to_second,200
1760022980452,theboxer000,start_to_first,251
1760022980657,theboxer000,first_to_second,205
1760022984245,theboxer000,start_to_first,304
1760022984446,theboxer000,first_to_second,200
1760022993950,theboxer000,start_to_first,202
1760022994102,theboxer000,first_to_second,152
1760022999054,theboxer000,start_to_first,252
1760022999257,theboxer000,first_to_second,202
1760023002749,theboxer000,start_to_first,252
1760023002950,theboxer000,first_to_second,201
1760023006251,theboxer000,start_to_first,298
1760023006401,theboxer000,first_to_second,151
1760023009202,theboxer000,start_to_first,352
1760023009355,theboxer000,first_to_second,153
1760023013949,theboxer000,start_to_first,303
1760023018497,theboxer000,start_to_first,250
1760023018700,theboxer000,first_to_second,203
1760023021551,theboxer000,start_to_first,301
1760023026647,theboxer000,start_to_first,203
1760023026849,theboxer000,first_to_second,202
1760023031107,theboxer000,start_to_first,350
1760023031256,theboxer000,first_to_second,150
1760023039325,theboxer000,start_to_first,349
1760023039477,theboxer000,first_to_second,152
1760023058567,theboxer000,start_to_first,251
1760023058769,theboxer000,first_to_second,203
1760023067029,theboxer000,start_to_first,301
1760023067215,theboxer000,first_to_second,186
1760023070429,theboxer000,start_to_first,204
1760023070579,theboxer000,first_to_second,149
1760023074416,theboxer000,start_to_first,388
1760023074566,theboxer000,first_to_second,150
1760023080272,theboxer000,start_to_first,302
1760023080426,theboxer000,first_to_second,154
1760023084619,theboxer000,start_to_first,285
1760023084821,theboxer000,first_to_second,201
1760023090268,theboxer000,start_to_first,252
1760023090468,theboxer000,first_to_second,201
1760023093872,theboxer000,start_to_first,344
1760023094036,theboxer000,first_to_second,164
1760023099968,theboxer000,start_to_first,155
1760023100176,theboxer000,first_to_second,208
1760023106226,theboxer000,start_to_first,152
1760023106376,theboxer000,first_to_second,150
1760023112421,theboxer000,start_to_first,251
1760023112624,theboxer000,first_to_second,201
1760023120417,theboxer000,start_to_first,154
1760023128021,theboxer000,start_to_first,202
1760023128171,theboxer000,first_to_second,150
1760023132727,theboxer000,start_to_first,205
1760023132877,theboxer000,first_to_second,149
1760023136471,theboxer000,start_to_first,52
1760023136671,theboxer000,first_to_second,200
1760023141680,theboxer000,start_to_first,305
1760023141865,theboxer000,first_to_second,185
1760023147374,theboxer000,start_to_first,300
1760023147575,theboxer000,first_to_second,202
1760023153075,theboxer000,start_to_first,248
1760023153227,theboxer000,first_to_second,153
1760023157568,theboxer000,start_to_first,251
1760023162818,theboxer000,start_to_first,254
1760023163018,theboxer000,first_to_second,199
1760023167125,theboxer000,start_to_first,253
1760023167328,theboxer000,first_to_second,203
1760023172717,theboxer000,start_to_first,288
1760023172929,theboxer000,first_to_second,211
1760023175865,theboxer000,start_to_first,438
1760023176017,theboxer000,first_to_second,152
1760023181118,theboxer000,start_to_first,101
1760023185365,theboxer000,start_to_first,234
1760023204467,theboxer000,start_to_first,254
1760023204669,theboxer000,first_to_second,202
1760023210526,theboxer000,start_to_first,303
1760023210727,theboxer000,first_to_second,201
1760023213815,theboxer000,start_to_first,147
1760023214019,theboxer000,first_to_second,204
1760023218077,theboxer000,start_to_first,304
1760023218278,theboxer000,first_to_second,200
1760023223277,theboxer000,start_to_first,402
1760023223478,theboxer000,first_to_second,201
1760023227726,theboxer000,start_to_first,301
1760023237763,theboxer000,start_to_first,286
1760023237914,theboxer000,first_to_second,151
1760023242415,theboxer000,start_to_first,302
1760023242571,theboxer000,first_to_second,153
1760023248525,theboxer000,start_to_first,253
1760023248728,theboxer000,first_to_second,202
1760023252473,theboxer000,start_to_first,352
1760023252674,theboxer000,first_to_second,201
1760023256872,theboxer000,start_to_first,305
1760023257072,theboxer000,first_to_second,200
1760023259977,theboxer000,start_to_first,251
1760023270869,theboxer000,start_to_first,250
1760023271069,theboxer000,first_to_second,200
1760023276767,theboxer000,start_to_first,289
1760023276967,theboxer000,first_to_second,201
1760023283073,theboxer000,start_to_first,302
1760023283226,theboxer000,first_to_second,152
1760023286768,theboxer000,start_to_first,301
1760023286969,theboxer000,first_to_second,200
1760023292668,theboxer000,start_to_first,287
1760023292869,theboxer000,first_to_second,201
1760023297025,theboxer000,start_to_first,251
1760023297225,theboxer000,first_to_second,200
1760023302376,theboxer000,first_to_second,201
1760023306274,theboxer000,start_to_first,306
1760023306473,theboxer000,first_to_second,199
1760023310918,theboxer000,start_to_first,302
1760023332329,theboxer000,start_to_first,306
1760023332479,theboxer000,first_to_second,150
1760023336864,theboxer000,start_to_first,442
1760023342525,theboxer000,start_to_first,52
1760023342727,theboxer000,first_to_second,202
1760023348568,theboxer000,start_to_first,203
1760023348769,theboxer000,first_to_second,202
1760023353576,theboxer000,start_to_first,100
1760023353727,theboxer000,first_to_second,152
1760023359225,theboxer000,start_to_first,300
1760023359376,theboxer000,first_to_second,151
1760023364368,theboxer000,start_to_first,254
1760023364572,theboxer000,first_to_second,204
1760023368575,theboxer000,start_to_first,252
1760023368776,theboxer000,first_to_second,200
1760023372278,theboxer000,start_to_first,402
1760023372462,theboxer000,first_to_second,185
1760023382421,theboxer000,start_to_first,303
1760023382623,theboxer000,first_to_second,202
1760023388277,theboxer000,start_to_first,351
1760023388428,theboxer000,first_to_second,152
1760023393571,theboxer000,start_to_first,255
1760023393772,theboxer000,first_to_second,200
1760023396973,theboxer000,start_to_first,254
1760023397125,theboxer000,first_to_second,152
1760023400664,theboxer000,start_to_first,50
1760023400815,theboxer000,first_to_second,151
1760023405221,theboxer000,start_to_first,350
1760023405375,theboxer000,first_to_second,154
1760023459280,theboxer000,start_to_first,202
1760023459463,theboxer000,first_to_second,182
1760023465071,theboxer000,start_to_first,150
1760023465272,theboxer000,first_to_second,201
1760023470275,theboxer000,start_to_first,50
1760023470476,theboxer000,first_to_second,202
1760023475268,theboxer000,start_to_first,202
1760023475468,theboxer000,first_to_second,201
1760023480366,theboxer000,start_to_first,352
1760023480517,theboxer000,first_to_second,151
1760023485470,theboxer000,start_to_first,252
1760023485671,theboxer000,first_to_second,201
1760023488564,theboxer000,start_to_first,337
1760023488716,theboxer000,first_to_second,153
1760023494628,theboxer000,start_to_first,202
1760023494817,theboxer000,first_to_second,189
1760023498929,theboxer000,start_to_first,152
1760023499114,theboxer000,first_to_second,186
1760023503118,theboxer000,first_to_second,204
1760023507727,theboxer000,start_to_first,203
1760023511627,theboxer000,start_to_first,201
1760023511828,theboxer000,first_to_second,202
1760023521221,theboxer000,start_to_first,302
1760023521422,theboxer000,first_to_second,201
1760023527469,theboxer000,start_to_first,252
1760023527673,theboxer000,first_to_second,204
1760023532824,theboxer000,start_to_first,252
1760023533031,theboxer000,first_to_second,208
1760023538068,theboxer000,start_to_first,302
1760023538269,theboxer000,first_to_second,201
1760023545022,theboxer000,start_to_first,301
1760023545225,theboxer000,first_to_second,203
1760023555323,theboxer000,start_to_first,299
1760023555525,theboxer000,first_to_second,202
1760023567316,theboxer000,start_to_first,389
1760023567516,theboxer000,first_to_second,200
1760023578973,theboxer000,start_to_first,203
1760023588479,theboxer000,start_to_first,307
1760023588628,theboxer000,first_to_second,149
1760023598017,theboxer000,start_to_first,303
1760023598219,theboxer000,first_to_second,202
1760023610875,theboxer000,start_to_first,258
1760023624576,theboxer000,start_to_first,252
1760023636615,theboxer000,start_to_first,301
1760023636837,theboxer000,first_to_second,223
1760023649075,theboxer000,start_to_first,101
1760023834468,theboxer000,start_to_first,202
1760023834620,theboxer000,first_to_second,151
1760023837713,theboxer000,start_to_first,234
1760023837914,theboxer000,first_to_second,201
1760023843679,theboxer000,start_to_first,151
1760023843829,theboxer000,first_to_second,150
1760023848465,theboxer000,start_to_first,253
1760023848617,theboxer000,first_to_second,152
1760023857464,theboxer000,start_to_first,195
1760023857666,theboxer000,first_to_second,202
1760023862728,theboxer000,first_to_second,202
1760023867545,theboxer000,start_to_first,102
1760023867675,theboxer000,first_to_second,145
1760023872674,theboxer000,start_to_first,249
1760023872875,theboxer000,first_to_second,201
1760023878665,theboxer000,start_to_first,252
1760023878867,theboxer000,first_to_second,202
1760023884264,theboxer000,start_to_first,252
1760023884415,theboxer000,first_to_second,150
1760023888769,theboxer000,start_to_first,154
1760023888971,theboxer000,first_to_second,202
1760023894963,theboxer000,start_to_first,236
1760023899379,theboxer000,first_to_second,201
1760023902765,theboxer000,start_to_first,390
1760023902967,theboxer000,first_to_second,202
1760023913215,theboxer000,start_to_first,235
1760023913416,theboxer000,first_to_second,201
1760023917177,theboxer000,start_to_first,303
1760023917377,theboxer000,first_to_second,201
1760023920771,theboxer000,start_to_first,107
1760023920973,theboxer000,first_to_second,202
1760023924463,theboxer000,start_to_first,286
1760023924613,theboxer000,first_to_second,151
1760023931420,theboxer000,start_to_first,353
1760023931621,theboxer000,first_to_second,201
1760023935726,theboxer000,start_to_first,303
1760023935935,theboxer000,first_to_second,208
1760023941636,theboxer000,start_to_first,264
1760023941821,theboxer000,first_to_second,184
1760023948172,theboxer000,start_to_first,352
1760023956875,theboxer000,start_to_first,302
1760023957076,theboxer000,first_to_second,201
1760023961569,theboxer000,start_to_first,301
1760023961775,theboxer000,first_to_second,205
1760023966522,theboxer000,start_to_first,253
1760023970222,theboxer000,first_to_second,205
1760023973813,theboxer000,start_to_first,285
1760023973964,theboxer000,first_to_second,151
1760023978821,theboxer000,start_to_first,203
1760023979021,theboxer000,first_to_second,200
1760023982218,theboxer000,start_to_first,253
1760023982371,theboxer000,first_to_second,151
1760023986217,theboxer000,start_to_first,102
1760023990717,theboxer000,start_to_first,301
1760023990869,theboxer000,first_to_second,152
1760023994125,theboxer000,start_to_first,253
1760023994328,theboxer000,first_to_second,202
1760023998929,theboxer000,start_to_first,153
1760023999078,theboxer000,first_to_second,149
1760024004522,theboxer000,start_to_first,303
1760024004726,theboxer000,first_to_second,205
1760024010781,theboxer000,start_to_first,308
1760024010928,theboxer000,first_to_second,149
1760024016268,theboxer000,start_to_first,103
1760024016474,theboxer000,first_to_second,205
1760024021413,theboxer000,start_to_first,134
1760024021615,theboxer000,first_to_second,201
1760024024873,theboxer000,start_to_first,252
1760024025074,theboxer000,first_to_second,201
1760024028677,theboxer000,start_to_first,201
1760024028868,theboxer000,first_to_second,190
1760024032775,theboxer000,start_to_first,102
1760024032976,theboxer000,first_to_second,200
1760024054263,theboxer000,start_to_first,335
1760026952725,theboxer000,start_to_first,185
1760026957379,theboxer000,start_to_first,205
1760026957579,theboxer000,first_to_second,202
1760026963018,theboxer000,start_to_first,238
1760026963200,theboxer000,first_to_second,182
1760026971616,theboxer000,start_to_first,237
1760026971818,theboxer000,first_to_second,202
1760026976095,theboxer000,start_to_first,154
1760026985283,theboxer000,start_to_first,261
1760026985482,theboxer000,first_to_second,198
1760026991571,theboxer000,start_to_first,303
1760026991777,theboxer000,first_to_second,206
1760027005080,theboxer000,start_to_first,101
1760027011216,theboxer000,start_to_first,189
1760027011419,theboxer000,first_to_second,202
1760027015575,theboxer000,start_to_first,202
1760027020129,theboxer000,first_to_second,197
1760027024777,theboxer000,start_to_first,303
1760027024978,theboxer000,first_to_second,201
1760027030078,theboxer000,start_to_first,204
1760027030232,theboxer000,first_to_second,154
1760027034332,theboxer000,start_to_first,252
1760027038674,theboxer000,start_to_first,253
1760027038877,theboxer000,first_to_second,203
1760027042867,theboxer000,start_to_first,286
1760027043066,theboxer000,first_to_second,198
1760027048371,theboxer000,start_to_first,304
1760027048572,theboxer000,first_to_second,201
1760027051515,theboxer000,start_to_first,285
1760027051719,theboxer000,first_to_second,203
1760027056517,theboxer000,start_to_first,202
1760027056719,theboxer000,first_to_second,202
1760027061372,theboxer000,first_to_second,194
1760027066917,theboxer000,start_to_first,353
1760027073026,theboxer000,start_to_first,354
1760027073230,theboxer000,first_to_second,204
1760027078279,theboxer000,start_to_first,200
1760027078428,theboxer000,first_to_second,149
1760027083228,theboxer000,start_to_first,302
1760027083380,theboxer000,first_to_second,152
1760027087664,theboxer000,start_to_first,286
1760027087815,theboxer000,first_to_second,151
1760027096165,theboxer000,start_to_first,236
1760027096367,theboxer000,first_to_second,202
1760027101127,theboxer000,start_to_first,251
1760027101329,theboxer000,first_to_second,202
1760027104574,theboxer000,start_to_first,255
1760027104776,theboxer000,first_to_second,202
1760027108320,theboxer000,start_to_first,101
1760027111224,theboxer000,start_to_first,302
1760027111426,theboxer000,first_to_second,202
1760027116781,theboxer000,start_to_first,304
1760027116974,theboxer000,first_to_second,193
1760027120973,theboxer000,start_to_first,300
1760027121178,theboxer000,first_to_second,205
1760027126265,theboxer000,start_to_first,247
1760027126418,theboxer000,first_to_second,152
1760027129264,theboxer000,start_to_first,135
1760027129465,theboxer000,first_to_second,201
1760027132480,theboxer000,start_to_first,103
1760027132669,theboxer000,first_to_second,189
1760027136720,theboxer000,start_to_first,101
1760027136918,theboxer000,first_to_second,198
1760027141814,theboxer000,start_to_first,186
1760027146372,theboxer000,start_to_first,303
1760027150470,theboxer000,start_to_first,403
1760027150624,theboxer000,first_to_second,154
1760027154976,theboxer000,start_to_first,257
1760027155129,theboxer000,first_to_second,153
1760027158166,theboxer000,first_to_second,150
1760027161873,theboxer000,start_to_first,251
1760027162023,theboxer000,first_to_second,150
1760027166677,theboxer000,start_to_first,253
1760027166884,theboxer000,first_to_second,207
1760027170584,theboxer000,start_to_first,308
1760027170717,theboxer000,first_to_second,132
1760027174527,theboxer000,start_to_first,253
1760027174715,theboxer000,first_to_second,188
1760027178465,theboxer000,start_to_first,186
1760027178615,theboxer000,first_to_second,150
1760027182680,theboxer000,start_to_first,302
1760027182866,theboxer000,first_to_second,185
1760027187022,theboxer000,start_to_first,202
1760027187224,theboxer000,first_to_second,202
1760027190130,theboxer000,start_to_first,202
1760027195074,theboxer000,start_to_first,306
1760027195286,theboxer000,first_to_second,211
1760027199317,theboxer000,start_to_first,51
1760027199520,theboxer000,first_to_second,203
1760027203377,theboxer000,start_to_first,204
1760027208523,theboxer000,start_to_first,299
1760027208727,theboxer000,first_to_second,205
1760027212417,theboxer000,start_to_first,352
1760027212621,theboxer000,first_to_second,204
1760027215374,theboxer000,start_to_first,149
1760027215578,theboxer000,first_to_second,204
1760027220226,theboxer000,start_to_first,250
1760027220427,theboxer000,first_to_second,201
1760027223623,theboxer000,start_to_first,253
1760027223824,theboxer000,first_to_second,201
1760027226667,theboxer000,start_to_first,151
1760027232319,theboxer000,start_to_first,102
1760027260722,theboxer000,start_to_first,152
1760027260922,theboxer000,first_to_second,200
1760027264619,theboxer000,start_to_first,301
1760027264770,theboxer000,first_to_second,151
1760027269976,theboxer000,start_to_first,254
1760027270177,theboxer000,first_to_second,201
1760027279327,theboxer000,start_to_first,200
1760027279529,theboxer000,first_to_second,203
1760027284222,theboxer000,start_to_first,204
1760027284426,theboxer000,first_to_second,204
1760027288019,theboxer000,start_to_first,302
1760027288235,theboxer000,first_to_second,215
1760027294168,theboxer000,start_to_first,152
1760027294369,theboxer000,first_to_second,201
1760027297680,theboxer000,start_to_first,354
1760027297869,theboxer000,first_to_second,189
1760027301326,theboxer000,start_to_first,101
1760027306814,theboxer000,start_to_first,289
1760027307015,theboxer000,first_to_second,201
1760027310822,theboxer000,start_to_first,253
1760027311019,theboxer000,first_to_second,198
1760027315472,theboxer000,start_to_first,200
1760027319769,theboxer000,start_to_first,255
1760027319970,theboxer000,first_to_second,201
1760027324215,theboxer000,start_to_first,250
1760027324366,theboxer000,first_to_second,151
1760027328868,theboxer000,start_to_first,101
1760027329020,theboxer000,first_to_second,152
1760027332229,theboxer000,start_to_first,252
1760027332431,theboxer000,first_to_second,202
1760027335822,theboxer000,start_to_first,443
1760027335973,theboxer000,first_to_second,151
1760027342366,theboxer000,start_to_first,152
1760027342567,theboxer000,first_to_second,201
1760027346871,theboxer000,start_to_first,51
1760027347086,theboxer000,first_to_second,214
1760027350726,theboxer000,start_to_first,306
1760027354976,theboxer000,start_to_first,302
1760027355127,theboxer000,first_to_second,151
1760027359468,theboxer000,start_to_first,203
1760027359619,theboxer000,first_to_second,151
1760027363574,theboxer000,start_to_first,51
1760027363776,theboxer000,first_to_second,202
1760027366873,theboxer000,start_to_first,252
1760027367075,theboxer000,first_to_second,202
1760027372526,theboxer000,start_to_first,304
1760027372676,theboxer000,first_to_second,150
1760027377172,theboxer000,start_to_first,100
1760027377373,theboxer000,first_to_second,201
1760027380621,theboxer000,start_to_first,302
1760027380774,theboxer000,first_to_second,153
1760027386724,theboxer000,start_to_first,400
1760027386874,theboxer000,first_to_second,150
1760027392275,theboxer000,start_to_first,303
1760027392426,theboxer000,first_to_second,151
1760027395170,theboxer000,start_to_first,302
1760027395369,theboxer000,first_to_second,199
1760027398924,theboxer000,start_to_first,303
1760027405367,theboxer000,start_to_first,252
1760027405517,theboxer000,first_to_second,149
1760027408667,theboxer000,start_to_first,289
1760027408869,theboxer000,first_to_second,201
1760027413868,theboxer000,start_to_first,296
1760027414074,theboxer000,first_to_second,206
1760027423069,theboxer000,start_to_first,202
1760027423272,theboxer000,first_to_second,202
1760027427572,theboxer000,start_to_first,254
1760027427775,theboxer000,first_to_second,203
1760027432371,theboxer000,start_to_first,200
1760027432572,theboxer000,first_to_second,201
1760027436070,theboxer000,start_to_first,346
1760027436223,theboxer000,first_to_second,153
1760027440779,theboxer000,first_to_second,205
1760027446033,theboxer000,start_to_first,152
1760027446236,theboxer000,first_to_second,204
1760027450424,theboxer000,start_to_first,302
1760027450628,theboxer000,first_to_second,205
1760027455218,theboxer000,start_to_first,246
1760027455430,theboxer000,first_to_second,212
1760027458820,theboxer000,start_to_first,303
1760027458970,theboxer000,first_to_second,150
1760027464423,theboxer000,start_to_first,304
1760027464628,theboxer000,first_to_second,205
1760027468825,theboxer000,start_to_first,255
1760027469016,theboxer000,first_to_second,192
1760027475014,theboxer000,start_to_first,287
1760027475216,theboxer000,first_to_second,202
1760027478077,theboxer000,start_to_first,275
1760027478229,theboxer000,first_to_second,153
1760027516621,theboxer000,start_to_first,247
1760027516823,theboxer000,first_to_second,202
1760027521874,theboxer000,start_to_first,304
1760027522027,theboxer000,first_to_second,153
1760027526222,theboxer000,start_to_first,252
1760027526375,theboxer000,first_to_second,153
1760027530928,theboxer000,start_to_first,355
1760027531114,theboxer000,first_to_second,186
1760027534165,theboxer000,start_to_first,436
1760027540118,theboxer000,start_to_first,286
1760027540273,theboxer000,first_to_second,155
1760027545277,theboxer000,start_to_first,301
1760027545478,theboxer000,first_to_second,202
1760027550222,theboxer000,start_to_first,206
1760027550381,theboxer000,first_to_second,159
1760027554219,theboxer000,start_to_first,303
1760027554369,theboxer000,first_to_second,151
1760027559319,theboxer000,start_to_first,151
1760027563579,theboxer000,start_to_first,152
1760027563780,theboxer000,first_to_second,200
1760027569265,theboxer000,start_to_first,236
1760027569467,theboxer000,first_to_second,202
1760027573664,theboxer000,start_to_first,51
1760027573867,theboxer000,first_to_second,203
1760027577578,theboxer000,first_to_second,201
1760027580565,theboxer000,start_to_first,335
1760027580716,theboxer000,first_to_second,152
1760027583926,theboxer000,start_to_first,252
1760027584128,theboxer000,first_to_second,204
1760027589776,theboxer000,start_to_first,256
1760027589927,theboxer000,first_to_second,151
1760027595621,theboxer000,start_to_first,302
1760027595824,theboxer000,first_to_second,202
1760027600728,theboxer000,start_to_first,151
1760027600879,theboxer000,first_to_second,151
1760027618829,theboxer000,start_to_first,304
1760027618980,theboxer000,first_to_second,151
1760027621765,theboxer000,start_to_first,101
1760027621917,theboxer000,first_to_second,152
1760027627527,theboxer000,start_to_first,252
1760027627730,theboxer000,first_to_second,203
1760027631271,theboxer000,start_to_first,253
1760027631472,theboxer000,first_to_second,201
1760027636924,theboxer000,start_to_first,101
1760027637129,theboxer000,first_to_second,205
1760027641073,theboxer000,start_to_first,253
1760027646429,theboxer000,start_to_first,355
1760027646628,theboxer000,first_to_second,199
1760027651224,theboxer000,start_to_first,205
1760027656278,theboxer000,start_to_first,153
1760027656472,theboxer000,first_to_second,194
1760027659522,theboxer000,start_to_first,354
1760027659672,theboxer000,first_to_second,150
1760027664717,theboxer000,start_to_first,200
1760027664921,theboxer000,first_to_second,203
1760027667829,theboxer000,start_to_first,305
1760027668017,theboxer000,first_to_second,189
1760027670919,theboxer000,start_to_first,301
1760027671130,theboxer000,first_to_second,210
1760027674370,theboxer000,start_to_first,102
1760027674522,theboxer000,first_to_second,152
1760027678772,theboxer000,start_to_first,251
1760027678925,theboxer000,first_to_second,153
1760027683880,theboxer000,start_to_first,305
1760027684066,theboxer000,first_to_second,186
1760027687382,theboxer000,start_to_first,153
1760027707965,theboxer000,start_to_first,286
1760027708115,theboxer000,first_to_second,150
1760027711324,theboxer000,start_to_first,302
1760027711527,theboxer000,first_to_second,202
1760027716617,theboxer000,start_to_first,249
1760027716769,theboxer000,first_to_second,152
1760027720078,theboxer000,start_to_first,101
1760027725419,theboxer000,start_to_first,252
1760027725571,theboxer000,first_to_second,151
1760027730926,theboxer000,start_to_first,50
1760027731131,theboxer000,first_to_second,205
1760027737028,theboxer000,start_to_first,151
1760027737179,theboxer000,first_to_second,151
1760027741021,theboxer000,start_to_first,302
1760027741224,theboxer000,first_to_second,204
1760027746278,theboxer000,start_to_first,151
1760027749528,theboxer000,start_to_first,252
1760027749729,theboxer000,first_to_second,200
1760027752874,theboxer000,start_to_first,307
1760027753074,theboxer000,first_to_second,200
1760027758373,theboxer000,start_to_first,150
1760027758575,theboxer000,first_to_second,202
1760027769122,theboxer000,start_to_first,308
1760027769271,theboxer000,first_to_second,149
1760027772420,theboxer000,first_to_second,202
1760027778366,theboxer000,start_to_first,389
1760027778540,theboxer000,first_to_second,174
1760027782477,theboxer000,start_to_first,252
1760027782679,theboxer000,first_to_second,201
1760027785674,theboxer000,start_to_first,202
1760027785825,theboxer000,first_to_second,152
1760027791019,theboxer000,start_to_first,151
1760027791220,theboxer000,first_to_second,201
1760027797174,theboxer000,start_to_first,100
1760027797375,theboxer000,first_to_second,202
1760027801075,theboxer000,start_to_first,157
1760027806283,theboxer000,start_to_first,309
1760027806467,theboxer000,first_to_second,184
1760027810521,theboxer000,first_to_second,201
1760027814521,theboxer000,start_to_first,300
1760027814672,theboxer000,first_to_second,151
1760027819882,theboxer000,start_to_first,251
1760027820080,theboxer000,first_to_second,200
1760027823279,theboxer000,start_to_first,255
1760027823480,theboxer000,first_to_second,201
1760027828263,theboxer000,start_to_first,84
1760027833173,theboxer000,start_to_first,100
1760027833375,theboxer000,first_to_second,203
1760027837529,theboxer000,start_to_first,151
1760027837716,theboxer000,first_to_second,187
1760027843070,theboxer000,start_to_first,251
1760027843272,theboxer000,first_to_second,202
1760027848528,theboxer000,start_to_first,252
1760027848728,theboxer000,first_to_second,200
1760027854280,theboxer000,start_to_first,304
1760027854465,theboxer000,first_to_second,185
1760027858969,theboxer000,start_to_first,253
1760027859120,theboxer000,first_to_second,151
1760027863615,theboxer000,start_to_first,151
1760027863825,theboxer000,first_to_second,210
1760027866773,theboxer000,start_to_first,303
1760027866925,theboxer000,first_to_second,152
1760027875479,theboxer000,start_to_first,204
1760027875679,theboxer000,first_to_second,200
1760027880967,theboxer000,start_to_first,302
1760027901075,theboxer000,start_to_first,252
1760027901226,theboxer000,first_to_second,151
1760027904520,theboxer000,start_to_first,251
1760027904670,theboxer000,first_to_second,150
1760027909724,theboxer000,start_to_first,254
1760027909924,theboxer000,first_to_second,200
1760027926029,theboxer000,start_to_first,250
1760027926213,theboxer000,first_to_second,184
1760027930568,theboxer000,start_to_first,201
1760027930770,theboxer000,first_to_second,202
1760027935271,theboxer000,start_to_first,201
1760027935475,theboxer000,first_to_second,203
1760027938671,theboxer000,start_to_first,303
1760027938876,theboxer000,first_to_second,205
1760027944218,theboxer000,start_to_first,151
1760027944369,theboxer000,first_to_second,151
1760027947923,theboxer000,start_to_first,162
1760027948127,theboxer000,first_to_second,204
1760027953220,theboxer000,start_to_first,103
1760027958176,theboxer000,start_to_first,304
1760027958329,theboxer000,first_to_second,154
1760027962220,theboxer000,start_to_first,253
1760027962420,theboxer000,first_to_second,200
1760027966127,theboxer000,start_to_first,52
1760027966329,theboxer000,first_to_second,202
1760027971280,theboxer000,start_to_first,301
1760027971464,theboxer000,first_to_second,184
1760027974213,theboxer000,start_to_first,299
1760027974416,theboxer000,first_to_second,203
1760027979968,theboxer000,start_to_first,203
1760027980169,theboxer000,first_to_second,200
1760027984726,theboxer000,start_to_first,204
1760027984927,theboxer000,first_to_second,201
1760027990165,theboxer000,start_to_first,252
1760027990317,theboxer000,first_to_second,152
1760027993665,theboxer000,start_to_first,286
1760027993870,theboxer000,first_to_second,205
1760027999528,theboxer000,start_to_first,301
1760028004471,theboxer000,start_to_first,304
1760028004625,theboxer000,first_to_second,153
1760028007672,theboxer000,start_to_first,204
1760028007874,theboxer000,first_to_second,202
1760028013427,theboxer000,start_to_first,354
1760028013616,theboxer000,first_to_second,188
1760028018625,theboxer000,start_to_first,252
1760028018828,theboxer000,first_to_second,203
1760028024369,theboxer000,start_to_first,252
1760028024572,theboxer000,first_to_second,203
1760028030219,theboxer000,start_to_first,304
1760028030420,theboxer000,first_to_second,201
1760028034924,theboxer000,start_to_first,202
1760028045218,theboxer000,start_to_first,345
1760028045367,theboxer000,first_to_second,150
1760028048780,theboxer000,start_to_first,305
1760028053120,theboxer000,start_to_first,253
1760028053322,theboxer000,first_to_second,202
1760028057080,theboxer000,start_to_first,298
1760028057279,theboxer000,first_to_second,199
1760028065480,theboxer000,start_to_first,305
1760028065666,theboxer000,first_to_second,186
1760028071376,theboxer000,start_to_first,251
1760028071577,theboxer000,first_to_second,201
1760028076076,theboxer000,first_to_second,198
1760028080981,theboxer000,start_to_first,254
1760028081170,theboxer000,first_to_second,190
1760028126319,theboxer000,start_to_first,251
1760028131765,theboxer000,start_to_first,201
1760028131974,theboxer000,first_to_second,209
1760028138024,theboxer000,start_to_first,355
1760028138174,theboxer000,first_to_second,150
1760028143825,theboxer000,start_to_first,102
1760028144027,theboxer000,first_to_second,202
1760028149922,theboxer000,start_to_first,252
1760028150121,theboxer000,first_to_second,200
1760028169669,theboxer000,start_to_first,203
1760028169820,theboxer000,first_to_second,151
1760028174221,theboxer000,start_to_first,241
1760028174435,theboxer000,first_to_second,213
1760028178326,theboxer000,start_to_first,154
1760028178531,theboxer000,first_to_second,205
1760028183166,theboxer000,start_to_first,302
1760028183368,theboxer000,first_to_second,202
1760028186370,theboxer000,start_to_first,203
1760028186573,theboxer000,first_to_second,203
1760028200525,theboxer000,start_to_first,152
1760028200730,theboxer000,first_to_second,204
1760028204677,theboxer000,start_to_first,202
1760028209665,theboxer000,start_to_first,188
1760028209865,theboxer000,first_to_second,200
1760028215269,theboxer000,start_to_first,251
1760028215471,theboxer000,first_to_second,202
1760028220325,theboxer000,start_to_first,254
1760028220524,theboxer000,first_to_second,199
1760028224320,theboxer000,start_to_first,202
1760028224520,theboxer000,first_to_second,200
1760028229127,theboxer000,start_to_first,304
1760028229279,theboxer000,first_to_second,152
1760028232066,theboxer000,start_to_first,353
1760028232215,theboxer000,first_to_second,149
1760028236319,theboxer000,start_to_first,303
1760028236526,theboxer000,first_to_second,207
1760028239964,theboxer000,start_to_first,284
1760028240167,theboxer000,first_to_second,204
1760028244425,theboxer000,start_to_first,305
1760028244626,theboxer000,first_to_second,201
1760028250468,theboxer000,start_to_first,305
1760028250670,theboxer000,first_to_second,202
1760028254521,theboxer000,start_to_first,102
1760028254726,theboxer000,first_to_second,205
1760028259917,theboxer000,start_to_first,302
1760028266081,theboxer000,start_to_first,252
1760028266265,theboxer000,first_to_second,184
1760028270729,theboxer000,start_to_first,101
1760028270914,theboxer000,first_to_second,185
1760028276379,theboxer000,start_to_first,51
1760028276614,theboxer000,first_to_second,235
1760028280023,theboxer000,start_to_first,201
1760028280175,theboxer000,first_to_second,152
1760028283468,theboxer000,start_to_first,303
1760028283674,theboxer000,first_to_second,205
1760028287322,theboxer000,start_to_first,257
1760028287471,theboxer000,first_to_second,149
1760028293273,theboxer000,start_to_first,200
1760028293425,theboxer000,first_to_second,152
1760028296676,theboxer000,start_to_first,207
1760028301777,theboxer000,start_to_first,255
1760028301927,theboxer000,first_to_second,150
1760028306525,theboxer000,start_to_first,302
1760028306728,theboxer000,first_to_second,203
1760028312420,theboxer000,start_to_first,354
1760028312623,theboxer000,first_to_second,202
1760028317716,theboxer000,start_to_first,297
1760028317919,theboxer000,first_to_second,203
1760028322974,theboxer000,start_to_first,152
1760028323125,theboxer000,first_to_second,151
1760028330965,theboxer000,start_to_first,337
1760028331115,theboxer000,first_to_second,150
1760028336716,theboxer000,start_to_first,240
1760028342179,theboxer000,start_to_first,249
1760028342385,theboxer000,first_to_second,206
1760028346423,theboxer000,start_to_first,150
1760028346576,theboxer000,first_to_second,152
1760028352415,theboxer000,start_to_first,234
1760028352618,theboxer000,first_to_second,203
1760028356371,theboxer000,start_to_first,298
1760028356521,theboxer000,first_to_second,150
1760028383677,theboxer000,start_to_first,352
1760028383827,theboxer000,first_to_second,150
1760028389166,theboxer000,start_to_first,252
1760028389320,theboxer000,first_to_second,154
1760028394229,theboxer000,start_to_first,254
1760028394429,theboxer000,first_to_second,200
1760028397577,theboxer000,start_to_first,250
1760028397779,theboxer000,first_to_second,202
1760028410127,theboxer000,start_to_first,254
1760028410330,theboxer000,first_to_second,203
1760028415825,theboxer000,start_to_first,354
1760028415975,theboxer000,first_to_second,150
1760028420463,theboxer000,start_to_first,136
1760028420666,theboxer000,first_to_second,203
1760028423770,theboxer000,start_to_first,254
1760028423923,theboxer000,first_to_second,153
1760028428573,theboxer000,start_to_first,250
1760028432665,theboxer000,start_to_first,302
1760028432865,theboxer000,first_to_second,200
1760028436175,theboxer000,start_to_first,152
1760028436377,theboxer000,first_to_second,202
1760028440478,theboxer000,start_to_first,251
1760028440681,theboxer000,first_to_second,203
1760028443468,theboxer000,start_to_first,340
1760028443618,theboxer000,first_to_second,150
1760028450218,theboxer000,start_to_first,251
1760028450419,theboxer000,first_to_second,201
1760028454216,theboxer000,start_to_first,300
1760028454418,theboxer000,first_to_second,202
1760028458918,theboxer000,start_to_first,252
1760028459120,theboxer000,first_to_second,202
1760028464767,theboxer000,start_to_first,253
1760028464970,theboxer000,first_to_second,203
1760028470525,theboxer000,start_to_first,152
1760028470675,theboxer000,first_to_second,150
1760028474569,theboxer000,start_to_first,301
1760028474772,theboxer000,first_to_second,203
1760028479478,theboxer000,start_to_first,303
1760028479629,theboxer000,first_to_second,151
1760028485319,theboxer000,start_to_first,202
1760028485522,theboxer000,first_to_second,203
1760028488821,theboxer000,start_to_first,254
1760028489023,theboxer000,first_to_second,203
1760028494576,theboxer000,start_to_first,250
1760028494777,theboxer000,first_to_second,201
1760028499978,theboxer000,start_to_first,351
1760028500129,theboxer000,first_to_second,152
1760028505422,theboxer000,start_to_first,251
1760028505626,theboxer000,first_to_second,203
1760028508568,theboxer000,start_to_first,350
1760028508719,theboxer000,first_to_second,151
1760028513927,theboxer000,start_to_first,355
1760028514129,theboxer000,first_to_second,203
1760028518027,theboxer000,start_to_first,301
1760028518235,theboxer000,first_to_second,209
1760028522217,theboxer000,start_to_first,290
1760028522367,theboxer000,first_to_second,150
1760028527268,theboxer000,start_to_first,301
1760028527473,theboxer000,first_to_second,205
1760028532477,theboxer000,start_to_first,254
1760028532627,theboxer000,first_to_second,150
1760028536174,theboxer000,start_to_first,154
1760028536376,theboxer000,first_to_second,202
1760028541922,theboxer000,start_to_first,203
1760028542128,theboxer000,first_to_second,206
1760028548019,theboxer000,start_to_first,196
1760028548221,theboxer000,first_to_second,203
1760028551276,theboxer000,start_to_first,351
1760028551427,theboxer000,first_to_second,152
1760028554725,theboxer000,start_to_first,102
1760028559424,theboxer000,start_to_first,304
1760028559632,theboxer000,first_to_second,207
1760028563415,theboxer000,start_to_first,287
1760028563567,theboxer000,first_to_second,152
1760028624764,theboxer000,start_to_first,250
1760028624916,theboxer000,first_to_second,152
1760028629776,theboxer000,start_to_first,353
1760028629927,theboxer000,first_to_second,150
1760028635076,theboxer000,start_to_first,251
1760028635226,theboxer000,first_to_second,151
1760028640527,theboxer000,start_to_first,152
1760028645528,theboxer000,start_to_first,253
1760028645714,theboxer000,first_to_second,186
1760028650025,theboxer000,start_to_first,300
1760028650227,theboxer000,first_to_second,202
1760028654013,theboxer000,start_to_first,386
1760028654166,theboxer000,first_to_second,153
1760028658127,theboxer000,start_to_first,254
1760028658277,theboxer000,first_to_second,150
1760028663128,theboxer000,start_to_first,301
1760028663329,theboxer000,first_to_second,201
1760028667222,theboxer000,start_to_first,290
1760028667427,theboxer000,first_to_second,205
1760028673281,theboxer000,start_to_first,108
1760028673480,theboxer000,first_to_second,199
1760028678743,theboxer000,start_to_first,211
1760028678930,theboxer000,first_to_second,188
1760028682771,theboxer000,start_to_first,241
1760028682972,theboxer000,first_to_second,201
1760028687515,theboxer000,start_to_first,150
1760028687669,theboxer000,first_to_second,153
1760028691069,theboxer000,start_to_first,301
1760028691272,theboxer000,first_to_second,202
1760028696368,theboxer000,start_to_first,101
1760028696571,theboxer000,first_to_second,203
1760028701468,theboxer000,start_to_first,253
1760028701618,theboxer000,first_to_second,150
1760028706126,theboxer000,start_to_first,292
1760028706276,theboxer000,first_to_second,150
1760028711983,theboxer000,start_to_first,255
1760028712167,theboxer000,first_to_second,184
1760028715224,theboxer000,start_to_first,302
1760028721557,theboxer000,start_to_first,323
1760028721677,theboxer000,first_to_second,120
1760028726719,theboxer000,start_to_first,301
1760028726869,theboxer000,first_to_second,151
1760028736019,theboxer000,start_to_first,251
1760028736176,theboxer000,first_to_second,156
1760028739783,theboxer000,start_to_first,151
1760028739978,theboxer000,first_to_second,195
1760028743866,theboxer000,start_to_first,237
1760028744068,theboxer000,first_to_second,202
1760028747229,theboxer000,start_to_first,259
1760028747429,theboxer000,first_to_second,200
1760028751321,theboxer000,start_to_first,253
1760028751472,theboxer000,first_to_second,151
1760028755718,theboxer000,start_to_first,252
1760028755869,theboxer000,first_to_second,151
1760028758829,theboxer000,start_to_first,254
1760028764376,theboxer000,start_to_first,356
1760028764576,theboxer000,first_to_second,200
1760028767514,theboxer000,start_to_first,236
1760028767718,theboxer000,first_to_second,204
1760028771127,theboxer000,start_to_first,106
1760028771331,theboxer000,first_to_second,203
1760028776028,theboxer000,start_to_first,151
1760028776213,theboxer000,first_to_second,185
1760028780079,theboxer000,start_to_first,302
1760028785569,theboxer000,start_to_first,255
1760028785777,theboxer000,first_to_second,207
1760028788921,theboxer000,start_to_first,202
1760028789123,theboxer000,first_to_second,203
1760028792565,theboxer000,first_to_second,151
1760028797723,theboxer000,start_to_first,340
1760028801517,theboxer000,first_to_second,145
1760028805666,theboxer000,start_to_first,253
1760028805868,theboxer000,first_to_second,202
1760028826569,theboxer000,start_to_first,151
1760028826721,theboxer000,first_to_second,152
1760028832078,theboxer000,first_to_second,199
1760028836413,theboxer000,start_to_first,287
1760028836565,theboxer000,first_to_second,151
1760028839878,theboxer000,first_to_second,207
1760028844775,theboxer000,start_to_first,304
1760028844926,theboxer000,first_to_second,151
1760028850520,theboxer000,start_to_first,200
1760028850722,theboxer000,first_to_second,203
1760028858175,theboxer000,start_to_first,204
1760028858375,theboxer000,first_to_second,199
1760028861171,theboxer000,start_to_first,202
1760028866769,theboxer000,start_to_first,250
1760028866972,theboxer000,first_to_second,202
1760028870813,theboxer000,start_to_first,35
1760028942313,theboxer000,start_to_first,250
1760028942515,theboxer000,first_to_second,201
1760028952764,theboxer000,start_to_first,251
1760028952917,theboxer000,first_to_second,153
1760028956131,theboxer000,start_to_first,208
1760028956323,theboxer000,first_to_second,193
1760028960567,theboxer000,start_to_first,104
1760028960771,theboxer000,first_to_second,204
1760028969818,theboxer000,first_to_second,152
1760028972471,theboxer000,start_to_first,100
1760028972672,theboxer000,first_to_second,201
1760028978416,theboxer000,start_to_first,100
1760028978619,theboxer000,first_to_second,203
1760028981815,theboxer000,start_to_first,237
1760028982015,theboxer000,first_to_second,201
1760028986416,theboxer000,start_to_first,101
1760028992320,theboxer000,start_to_first,251
1760028992520,theboxer000,first_to_second,201
1760028997776,theboxer000,start_to_first,302
1760028997978,theboxer000,first_to_second,203
1760029002224,theboxer000,start_to_first,201
1760029002375,theboxer000,first_to_second,151
1760029010678,theboxer000,start_to_first,153
1760029010827,theboxer000,first_to_second,150
1760029025166,theboxer000,start_to_first,252
1760029025317,theboxer000,first_to_second,152
1760029030068,theboxer000,start_to_first,303
1760029030219,theboxer000,first_to_second,151
1760029034313,theboxer000,start_to_first,84
1760029034464,theboxer000,first_to_second,151
1760029038326,theboxer000,start_to_first,53
1760029043078,theboxer000,start_to_first,101
1760029043230,theboxer000,first_to_second,152
1760029047769,theboxer000,first_to_second,150
1760029043020,theboxer000,start_to_first,2385
1760029043020,theboxer000,start_to_first,1724
1760029043020,theboxer000,start_to_first,1986
1760029043020,theboxer000,start_to_first,2035
1760029043020,theboxer000,start_to_first,2104

